"region","ålder","2019"
"01 Stockholms län","0",28474
"01 Stockholms län","1",29033
"01 Stockholms län","2",29268
"01 Stockholms län","3",30116
"01 Stockholms län","4",29822
"01 Stockholms län","5",30181
"01 Stockholms län","6",29885
"01 Stockholms län","7",29592
"01 Stockholms län","8",29509
"01 Stockholms län","9",30741
"01 Stockholms län","10",29678
"01 Stockholms län","11",29679
"01 Stockholms län","12",28956
"01 Stockholms län","13",28592
"01 Stockholms län","14",27572
"01 Stockholms län","15",27466
"01 Stockholms län","16",26691
"01 Stockholms län","17",26004
"01 Stockholms län","18",24996
"01 Stockholms län","19",24971
"01 Stockholms län","20",24777
"01 Stockholms län","21",23503
"01 Stockholms län","22",23922
"01 Stockholms län","23",25847
"01 Stockholms län","24",29107
"01 Stockholms län","25",32932
"01 Stockholms län","26",35058
"01 Stockholms län","27",37424
"01 Stockholms län","28",38843
"01 Stockholms län","29",40593
"01 Stockholms län","30",39756
"01 Stockholms län","31",39352
"01 Stockholms län","32",37755
"01 Stockholms län","33",37671
"01 Stockholms län","34",36645
"01 Stockholms län","35",36023
"01 Stockholms län","36",35033
"01 Stockholms län","37",35202
"01 Stockholms län","38",34688
"01 Stockholms län","39",35727
"01 Stockholms län","40",33739
"01 Stockholms län","41",32398
"01 Stockholms län","42",32153
"01 Stockholms län","43",32656
"01 Stockholms län","44",33106
"01 Stockholms län","45",34493
"01 Stockholms län","46",33879
"01 Stockholms län","47",34040
"01 Stockholms län","48",33291
"01 Stockholms län","49",31681
"01 Stockholms län","50",30363
"01 Stockholms län","51",31002
"01 Stockholms län","52",31613
"01 Stockholms län","53",32159
"01 Stockholms län","54",31947
"01 Stockholms län","55",32079
"01 Stockholms län","56",29219
"01 Stockholms län","57",27812
"01 Stockholms län","58",26197
"01 Stockholms län","59",25254
"01 Stockholms län","60",24444
"01 Stockholms län","61",24095
"01 Stockholms län","62",23849
"01 Stockholms län","63",23188
"01 Stockholms län","64",21965
"01 Stockholms län","65",21059
"01 Stockholms län","66",20796
"01 Stockholms län","67",20475
"01 Stockholms län","68",19591
"01 Stockholms län","69",20153
"01 Stockholms län","70",20192
"01 Stockholms län","71",20838
"01 Stockholms län","72",21244
"01 Stockholms län","73",20937
"01 Stockholms län","74",20714
"01 Stockholms län","75",20057
"01 Stockholms län","76",18140
"01 Stockholms län","77",16083
"01 Stockholms län","78",13705
"01 Stockholms län","79",12143
"01 Stockholms län","80",11466
"01 Stockholms län","81",10595
"01 Stockholms län","82",9284
"01 Stockholms län","83",8561
"01 Stockholms län","84",7513
"01 Stockholms län","85",6559
"01 Stockholms län","86",5921
"01 Stockholms län","87",5533
"01 Stockholms län","88",5022
"01 Stockholms län","89",4390
"01 Stockholms län","90",3682
"01 Stockholms län","91",3242
"01 Stockholms län","92",2664
"01 Stockholms län","93",2217
"01 Stockholms län","94",1874
"01 Stockholms län","95",1428
"01 Stockholms län","96",1094
"01 Stockholms län","97",723
"01 Stockholms län","98",565
"01 Stockholms län","99",391
"01 Stockholms län","100+",524
"03 Uppsala län","0",4324
"03 Uppsala län","1",4447
"03 Uppsala län","2",4484
"03 Uppsala län","3",4695
"03 Uppsala län","4",4826
"03 Uppsala län","5",4663
"03 Uppsala län","6",4532
"03 Uppsala län","7",4782
"03 Uppsala län","8",4547
"03 Uppsala län","9",4744
"03 Uppsala län","10",4541
"03 Uppsala län","11",4685
"03 Uppsala län","12",4458
"03 Uppsala län","13",4431
"03 Uppsala län","14",4306
"03 Uppsala län","15",4351
"03 Uppsala län","16",4219
"03 Uppsala län","17",4190
"03 Uppsala län","18",4066
"03 Uppsala län","19",4372
"03 Uppsala län","20",4968
"03 Uppsala län","21",5210
"03 Uppsala län","22",5356
"03 Uppsala län","23",5768
"03 Uppsala län","24",6168
"03 Uppsala län","25",6443
"03 Uppsala län","26",6202
"03 Uppsala län","27",6445
"03 Uppsala län","28",6454
"03 Uppsala län","29",6293
"03 Uppsala län","30",5834
"03 Uppsala län","31",5651
"03 Uppsala län","32",5434
"03 Uppsala län","33",5508
"03 Uppsala län","34",5334
"03 Uppsala län","35",4955
"03 Uppsala län","36",4828
"03 Uppsala län","37",4774
"03 Uppsala län","38",4501
"03 Uppsala län","39",4743
"03 Uppsala län","40",4573
"03 Uppsala län","41",4428
"03 Uppsala län","42",4540
"03 Uppsala län","43",4519
"03 Uppsala län","44",4805
"03 Uppsala län","45",4896
"03 Uppsala län","46",4734
"03 Uppsala län","47",4825
"03 Uppsala län","48",4835
"03 Uppsala län","49",4446
"03 Uppsala län","50",4528
"03 Uppsala län","51",4645
"03 Uppsala län","52",4768
"03 Uppsala län","53",4892
"03 Uppsala län","54",4778
"03 Uppsala län","55",4814
"03 Uppsala län","56",4547
"03 Uppsala län","57",4222
"03 Uppsala län","58",4086
"03 Uppsala län","59",3958
"03 Uppsala län","60",3996
"03 Uppsala län","61",4060
"03 Uppsala län","62",3992
"03 Uppsala län","63",4137
"03 Uppsala län","64",3861
"03 Uppsala län","65",3861
"03 Uppsala län","66",3809
"03 Uppsala län","67",3805
"03 Uppsala län","68",3667
"03 Uppsala län","69",3863
"03 Uppsala län","70",4037
"03 Uppsala län","71",4189
"03 Uppsala län","72",4063
"03 Uppsala län","73",3953
"03 Uppsala län","74",3919
"03 Uppsala län","75",3745
"03 Uppsala län","76",3318
"03 Uppsala län","77",2985
"03 Uppsala län","78",2392
"03 Uppsala län","79",2225
"03 Uppsala län","80",2162
"03 Uppsala län","81",1965
"03 Uppsala län","82",1768
"03 Uppsala län","83",1562
"03 Uppsala län","84",1393
"03 Uppsala län","85",1320
"03 Uppsala län","86",1199
"03 Uppsala län","87",1038
"03 Uppsala län","88",944
"03 Uppsala län","89",824
"03 Uppsala län","90",684
"03 Uppsala län","91",603
"03 Uppsala län","92",478
"03 Uppsala län","93",394
"03 Uppsala län","94",341
"03 Uppsala län","95",247
"03 Uppsala län","96",171
"03 Uppsala län","97",138
"03 Uppsala län","98",112
"03 Uppsala län","99",47
"03 Uppsala län","100+",75
"04 Södermanlands län","0",3217
"04 Södermanlands län","1",3428
"04 Södermanlands län","2",3630
"04 Södermanlands län","3",3733
"04 Södermanlands län","4",3599
"04 Södermanlands län","5",3708
"04 Södermanlands län","6",3637
"04 Södermanlands län","7",3666
"04 Södermanlands län","8",3577
"04 Södermanlands län","9",3704
"04 Södermanlands län","10",3646
"04 Södermanlands län","11",3611
"04 Södermanlands län","12",3724
"04 Södermanlands län","13",3731
"04 Södermanlands län","14",3623
"04 Södermanlands län","15",3580
"04 Södermanlands län","16",3589
"04 Södermanlands län","17",3495
"04 Södermanlands län","18",3457
"04 Södermanlands län","19",3388
"04 Södermanlands län","20",3224
"04 Södermanlands län","21",2993
"04 Södermanlands län","22",2843
"04 Södermanlands län","23",2947
"04 Södermanlands län","24",3170
"04 Södermanlands län","25",3253
"04 Södermanlands län","26",3551
"04 Södermanlands län","27",3633
"04 Södermanlands län","28",3807
"04 Södermanlands län","29",3876
"04 Södermanlands län","30",3773
"04 Södermanlands län","31",3696
"04 Södermanlands län","32",3424
"04 Södermanlands län","33",3512
"04 Södermanlands län","34",3472
"04 Södermanlands län","35",3478
"04 Södermanlands län","36",3314
"04 Södermanlands län","37",3292
"04 Södermanlands län","38",3343
"04 Södermanlands län","39",3457
"04 Södermanlands län","40",3291
"04 Södermanlands län","41",3401
"04 Södermanlands län","42",3363
"04 Södermanlands län","43",3307
"04 Södermanlands län","44",3558
"04 Södermanlands län","45",3786
"04 Södermanlands län","46",3607
"04 Södermanlands län","47",3797
"04 Södermanlands län","48",3757
"04 Södermanlands län","49",3722
"04 Södermanlands län","50",3625
"04 Södermanlands län","51",3856
"04 Södermanlands län","52",4092
"04 Södermanlands län","53",4043
"04 Södermanlands län","54",4024
"04 Södermanlands län","55",4051
"04 Södermanlands län","56",3619
"04 Södermanlands län","57",3657
"04 Södermanlands län","58",3430
"04 Södermanlands län","59",3458
"04 Södermanlands län","60",3487
"04 Södermanlands län","61",3450
"04 Södermanlands län","62",3414
"04 Södermanlands län","63",3482
"04 Södermanlands län","64",3432
"04 Södermanlands län","65",3249
"04 Södermanlands län","66",3426
"04 Södermanlands län","67",3451
"04 Södermanlands län","68",3422
"04 Södermanlands län","69",3530
"04 Södermanlands län","70",3733
"04 Södermanlands län","71",3777
"04 Södermanlands län","72",3803
"04 Södermanlands län","73",3757
"04 Södermanlands län","74",3678
"04 Södermanlands län","75",3669
"04 Södermanlands län","76",3216
"04 Södermanlands län","77",2843
"04 Södermanlands län","78",2377
"04 Södermanlands län","79",2218
"04 Södermanlands län","80",2156
"04 Södermanlands län","81",2003
"04 Södermanlands län","82",1586
"04 Södermanlands län","83",1668
"04 Södermanlands län","84",1308
"04 Södermanlands län","85",1255
"04 Södermanlands län","86",1158
"04 Södermanlands län","87",978
"04 Södermanlands län","88",900
"04 Södermanlands län","89",836
"04 Södermanlands län","90",648
"04 Södermanlands län","91",568
"04 Södermanlands län","92",472
"04 Södermanlands län","93",346
"04 Södermanlands län","94",298
"04 Södermanlands län","95",239
"04 Södermanlands län","96",170
"04 Södermanlands län","97",91
"04 Södermanlands län","98",81
"04 Södermanlands län","99",58
"04 Södermanlands län","100+",62
"05 Östergötlands län","0",5085
"05 Östergötlands län","1",5161
"05 Östergötlands län","2",5178
"05 Östergötlands län","3",5592
"05 Östergötlands län","4",5542
"05 Östergötlands län","5",5524
"05 Östergötlands län","6",5511
"05 Östergötlands län","7",5600
"05 Östergötlands län","8",5339
"05 Östergötlands län","9",5598
"05 Östergötlands län","10",5576
"05 Östergötlands län","11",5464
"05 Östergötlands län","12",5400
"05 Östergötlands län","13",5401
"05 Östergötlands län","14",5307
"05 Östergötlands län","15",5239
"05 Östergötlands län","16",5151
"05 Östergötlands län","17",5074
"05 Östergötlands län","18",4931
"05 Östergötlands län","19",5445
"05 Östergötlands län","20",5810
"05 Östergötlands län","21",5851
"05 Östergötlands län","22",5920
"05 Östergötlands län","23",6353
"05 Östergötlands län","24",6644
"05 Östergötlands län","25",6855
"05 Östergötlands län","26",6935
"05 Östergötlands län","27",6867
"05 Östergötlands län","28",7002
"05 Östergötlands län","29",6941
"05 Östergötlands län","30",6404
"05 Östergötlands län","31",6435
"05 Östergötlands län","32",6118
"05 Östergötlands län","33",6055
"05 Östergötlands län","34",5911
"05 Östergötlands län","35",5358
"05 Östergötlands län","36",5544
"05 Östergötlands län","37",5329
"05 Östergötlands län","38",5349
"05 Östergötlands län","39",5605
"05 Östergötlands län","40",5419
"05 Östergötlands län","41",5383
"05 Östergötlands län","42",5464
"05 Östergötlands län","43",5484
"05 Östergötlands län","44",5510
"05 Östergötlands län","45",6025
"05 Östergötlands län","46",5840
"05 Östergötlands län","47",5824
"05 Östergötlands län","48",5849
"05 Östergötlands län","49",5789
"05 Östergötlands län","50",5670
"05 Östergötlands län","51",5760
"05 Östergötlands län","52",6133
"05 Östergötlands län","53",6316
"05 Östergötlands län","54",6300
"05 Östergötlands län","55",6094
"05 Östergötlands län","56",5620
"05 Östergötlands län","57",5338
"05 Östergötlands län","58",5078
"05 Östergötlands län","59",5205
"05 Östergötlands län","60",5111
"05 Östergötlands län","61",5210
"05 Östergötlands län","62",5158
"05 Östergötlands län","63",5040
"05 Östergötlands län","64",4971
"05 Östergötlands län","65",4814
"05 Östergötlands län","66",5031
"05 Östergötlands län","67",4910
"05 Östergötlands län","68",4835
"05 Östergötlands län","69",5103
"05 Östergötlands län","70",5223
"05 Östergötlands län","71",5150
"05 Östergötlands län","72",5112
"05 Östergötlands län","73",5257
"05 Östergötlands län","74",4987
"05 Östergötlands län","75",4797
"05 Östergötlands län","76",4288
"05 Östergötlands län","77",4018
"05 Östergötlands län","78",3527
"05 Östergötlands län","79",3181
"05 Östergötlands län","80",3001
"05 Östergötlands län","81",2786
"05 Östergötlands län","82",2585
"05 Östergötlands län","83",2293
"05 Östergötlands län","84",2158
"05 Östergötlands län","85",1811
"05 Östergötlands län","86",1684
"05 Östergötlands län","87",1556
"05 Östergötlands län","88",1376
"05 Östergötlands län","89",1199
"05 Östergötlands län","90",1080
"05 Östergötlands län","91",876
"05 Östergötlands län","92",764
"05 Östergötlands län","93",620
"05 Östergötlands län","94",442
"05 Östergötlands län","95",330
"05 Östergötlands län","96",236
"05 Östergötlands län","97",159
"05 Östergötlands län","98",138
"05 Östergötlands län","99",86
"05 Östergötlands län","100+",87
"06 Jönköpings län","0",4141
"06 Jönköpings län","1",4292
"06 Jönköpings län","2",4277
"06 Jönköpings län","3",4503
"06 Jönköpings län","4",4487
"06 Jönköpings län","5",4542
"06 Jönköpings län","6",4417
"06 Jönköpings län","7",4534
"06 Jönköpings län","8",4626
"06 Jönköpings län","9",4630
"06 Jönköpings län","10",4471
"06 Jönköpings län","11",4495
"06 Jönköpings län","12",4464
"06 Jönköpings län","13",4408
"06 Jönköpings län","14",4290
"06 Jönköpings län","15",4354
"06 Jönköpings län","16",4294
"06 Jönköpings län","17",4308
"06 Jönköpings län","18",4118
"06 Jönköpings län","19",4135
"06 Jönköpings län","20",4301
"06 Jönköpings län","21",4258
"06 Jönköpings län","22",4070
"06 Jönköpings län","23",4361
"06 Jönköpings län","24",4487
"06 Jönköpings län","25",4775
"06 Jönköpings län","26",4817
"06 Jönköpings län","27",5153
"06 Jönköpings län","28",5107
"06 Jönköpings län","29",5048
"06 Jönköpings län","30",4865
"06 Jönköpings län","31",4902
"06 Jönköpings län","32",4592
"06 Jönköpings län","33",4584
"06 Jönköpings län","34",4535
"06 Jönköpings län","35",4272
"06 Jönköpings län","36",4236
"06 Jönköpings län","37",4204
"06 Jönköpings län","38",4009
"06 Jönköpings län","39",4230
"06 Jönköpings län","40",4240
"06 Jönköpings län","41",4128
"06 Jönköpings län","42",4149
"06 Jönköpings län","43",4234
"06 Jönköpings län","44",4342
"06 Jönköpings län","45",4436
"06 Jönköpings län","46",4483
"06 Jönköpings län","47",4538
"06 Jönköpings län","48",4693
"06 Jönköpings län","49",4608
"06 Jönköpings län","50",4497
"06 Jönköpings län","51",4830
"06 Jönköpings län","52",4875
"06 Jönköpings län","53",4856
"06 Jönköpings län","54",4933
"06 Jönköpings län","55",4645
"06 Jönköpings län","56",4490
"06 Jönköpings län","57",4259
"06 Jönköpings län","58",4082
"06 Jönköpings län","59",4056
"06 Jönköpings län","60",4066
"06 Jönköpings län","61",3994
"06 Jönköpings län","62",4021
"06 Jönköpings län","63",3998
"06 Jönköpings län","64",3998
"06 Jönköpings län","65",3889
"06 Jönköpings län","66",3885
"06 Jönköpings län","67",3827
"06 Jönköpings län","68",3785
"06 Jönköpings län","69",3793
"06 Jönköpings län","70",3994
"06 Jönköpings län","71",4094
"06 Jönköpings län","72",4100
"06 Jönköpings län","73",3946
"06 Jönköpings län","74",3861
"06 Jönköpings län","75",3735
"06 Jönköpings län","76",3395
"06 Jönköpings län","77",3148
"06 Jönköpings län","78",2661
"06 Jönköpings län","79",2532
"06 Jönköpings län","80",2454
"06 Jönköpings län","81",2286
"06 Jönköpings län","82",1993
"06 Jönköpings län","83",1861
"06 Jönköpings län","84",1671
"06 Jönköpings län","85",1553
"06 Jönköpings län","86",1404
"06 Jönköpings län","87",1326
"06 Jönköpings län","88",1193
"06 Jönköpings län","89",1061
"06 Jönköpings län","90",891
"06 Jönköpings län","91",779
"06 Jönköpings län","92",586
"06 Jönköpings län","93",499
"06 Jönköpings län","94",399
"06 Jönköpings län","95",281
"06 Jönköpings län","96",223
"06 Jönköpings län","97",143
"06 Jönköpings län","98",124
"06 Jönköpings län","99",89
"06 Jönköpings län","100+",95
"07 Kronobergs län","0",2328
"07 Kronobergs län","1",2356
"07 Kronobergs län","2",2381
"07 Kronobergs län","3",2546
"07 Kronobergs län","4",2393
"07 Kronobergs län","5",2459
"07 Kronobergs län","6",2544
"07 Kronobergs län","7",2459
"07 Kronobergs län","8",2426
"07 Kronobergs län","9",2539
"07 Kronobergs län","10",2530
"07 Kronobergs län","11",2499
"07 Kronobergs län","12",2404
"07 Kronobergs län","13",2493
"07 Kronobergs län","14",2367
"07 Kronobergs län","15",2435
"07 Kronobergs län","16",2330
"07 Kronobergs län","17",2323
"07 Kronobergs län","18",2279
"07 Kronobergs län","19",2210
"07 Kronobergs län","20",2534
"07 Kronobergs län","21",2408
"07 Kronobergs län","22",2397
"07 Kronobergs län","23",2367
"07 Kronobergs län","24",2587
"07 Kronobergs län","25",2646
"07 Kronobergs län","26",2706
"07 Kronobergs län","27",2900
"07 Kronobergs län","28",2813
"07 Kronobergs län","29",2888
"07 Kronobergs län","30",2696
"07 Kronobergs län","31",2644
"07 Kronobergs län","32",2590
"07 Kronobergs län","33",2517
"07 Kronobergs län","34",2435
"07 Kronobergs län","35",2425
"07 Kronobergs län","36",2305
"07 Kronobergs län","37",2427
"07 Kronobergs län","38",2318
"07 Kronobergs län","39",2446
"07 Kronobergs län","40",2419
"07 Kronobergs län","41",2321
"07 Kronobergs län","42",2342
"07 Kronobergs län","43",2389
"07 Kronobergs län","44",2502
"07 Kronobergs län","45",2482
"07 Kronobergs län","46",2401
"07 Kronobergs län","47",2381
"07 Kronobergs län","48",2475
"07 Kronobergs län","49",2390
"07 Kronobergs län","50",2467
"07 Kronobergs län","51",2561
"07 Kronobergs län","52",2693
"07 Kronobergs län","53",2593
"07 Kronobergs län","54",2587
"07 Kronobergs län","55",2539
"07 Kronobergs län","56",2343
"07 Kronobergs län","57",2294
"07 Kronobergs län","58",2149
"07 Kronobergs län","59",2133
"07 Kronobergs län","60",2203
"07 Kronobergs län","61",2159
"07 Kronobergs län","62",2121
"07 Kronobergs län","63",2276
"07 Kronobergs län","64",2194
"07 Kronobergs län","65",2161
"07 Kronobergs län","66",2174
"07 Kronobergs län","67",2235
"07 Kronobergs län","68",2257
"07 Kronobergs län","69",2196
"07 Kronobergs län","70",2268
"07 Kronobergs län","71",2303
"07 Kronobergs län","72",2234
"07 Kronobergs län","73",2260
"07 Kronobergs län","74",2165
"07 Kronobergs län","75",2095
"07 Kronobergs län","76",1934
"07 Kronobergs län","77",1728
"07 Kronobergs län","78",1446
"07 Kronobergs län","79",1359
"07 Kronobergs län","80",1319
"07 Kronobergs län","81",1239
"07 Kronobergs län","82",1222
"07 Kronobergs län","83",1075
"07 Kronobergs län","84",938
"07 Kronobergs län","85",908
"07 Kronobergs län","86",802
"07 Kronobergs län","87",777
"07 Kronobergs län","88",675
"07 Kronobergs län","89",604
"07 Kronobergs län","90",480
"07 Kronobergs län","91",467
"07 Kronobergs län","92",338
"07 Kronobergs län","93",283
"07 Kronobergs län","94",229
"07 Kronobergs län","95",184
"07 Kronobergs län","96",103
"07 Kronobergs län","97",77
"07 Kronobergs län","98",68
"07 Kronobergs län","99",53
"07 Kronobergs län","100+",49
"08 Kalmar län","0",2430
"08 Kalmar län","1",2608
"08 Kalmar län","2",2640
"08 Kalmar län","3",2684
"08 Kalmar län","4",2774
"08 Kalmar län","5",2749
"08 Kalmar län","6",2721
"08 Kalmar län","7",2868
"08 Kalmar län","8",2677
"08 Kalmar län","9",2884
"08 Kalmar län","10",2746
"08 Kalmar län","11",2760
"08 Kalmar län","12",2767
"08 Kalmar län","13",2673
"08 Kalmar län","14",2652
"08 Kalmar län","15",2682
"08 Kalmar län","16",2633
"08 Kalmar län","17",2685
"08 Kalmar län","18",2613
"08 Kalmar län","19",2645
"08 Kalmar län","20",2603
"08 Kalmar län","21",2406
"08 Kalmar län","22",2366
"08 Kalmar län","23",2530
"08 Kalmar län","24",2641
"08 Kalmar län","25",2751
"08 Kalmar län","26",3065
"08 Kalmar län","27",3125
"08 Kalmar län","28",3146
"08 Kalmar län","29",3230
"08 Kalmar län","30",3017
"08 Kalmar län","31",2947
"08 Kalmar län","32",2809
"08 Kalmar län","33",2671
"08 Kalmar län","34",2712
"08 Kalmar län","35",2659
"08 Kalmar län","36",2568
"08 Kalmar län","37",2615
"08 Kalmar län","38",2603
"08 Kalmar län","39",2490
"08 Kalmar län","40",2642
"08 Kalmar län","41",2501
"08 Kalmar län","42",2644
"08 Kalmar län","43",2623
"08 Kalmar län","44",2790
"08 Kalmar län","45",2836
"08 Kalmar län","46",2985
"08 Kalmar län","47",2982
"08 Kalmar län","48",3010
"08 Kalmar län","49",3025
"08 Kalmar län","50",2981
"08 Kalmar län","51",3144
"08 Kalmar län","52",3321
"08 Kalmar län","53",3415
"08 Kalmar län","54",3377
"08 Kalmar län","55",3381
"08 Kalmar län","56",3225
"08 Kalmar län","57",3097
"08 Kalmar län","58",2938
"08 Kalmar län","59",2997
"08 Kalmar län","60",3033
"08 Kalmar län","61",2991
"08 Kalmar län","62",2963
"08 Kalmar län","63",3186
"08 Kalmar län","64",3173
"08 Kalmar län","65",3155
"08 Kalmar län","66",3084
"08 Kalmar län","67",3098
"08 Kalmar län","68",3170
"08 Kalmar län","69",3153
"08 Kalmar län","70",3258
"08 Kalmar län","71",3301
"08 Kalmar län","72",3361
"08 Kalmar län","73",3341
"08 Kalmar län","74",3213
"08 Kalmar län","75",3044
"08 Kalmar län","76",2814
"08 Kalmar län","77",2605
"08 Kalmar län","78",2206
"08 Kalmar län","79",2059
"08 Kalmar län","80",2036
"08 Kalmar län","81",1832
"08 Kalmar län","82",1615
"08 Kalmar län","83",1557
"08 Kalmar län","84",1391
"08 Kalmar län","85",1261
"08 Kalmar län","86",1115
"08 Kalmar län","87",997
"08 Kalmar län","88",929
"08 Kalmar län","89",774
"08 Kalmar län","90",625
"08 Kalmar län","91",583
"08 Kalmar län","92",445
"08 Kalmar län","93",376
"08 Kalmar län","94",286
"08 Kalmar län","95",195
"08 Kalmar län","96",179
"08 Kalmar län","97",100
"08 Kalmar län","98",62
"08 Kalmar län","99",52
"08 Kalmar län","100+",69
"09 Gotlands län","0",516
"09 Gotlands län","1",538
"09 Gotlands län","2",595
"09 Gotlands län","3",603
"09 Gotlands län","4",558
"09 Gotlands län","5",648
"09 Gotlands län","6",619
"09 Gotlands län","7",652
"09 Gotlands län","8",657
"09 Gotlands län","9",691
"09 Gotlands län","10",697
"09 Gotlands län","11",664
"09 Gotlands län","12",583
"09 Gotlands län","13",633
"09 Gotlands län","14",643
"09 Gotlands län","15",562
"09 Gotlands län","16",605
"09 Gotlands län","17",632
"09 Gotlands län","18",591
"09 Gotlands län","19",651
"09 Gotlands län","20",725
"09 Gotlands län","21",569
"09 Gotlands län","22",654
"09 Gotlands län","23",590
"09 Gotlands län","24",645
"09 Gotlands län","25",655
"09 Gotlands län","26",707
"09 Gotlands län","27",694
"09 Gotlands län","28",662
"09 Gotlands län","29",822
"09 Gotlands län","30",696
"09 Gotlands län","31",703
"09 Gotlands län","32",614
"09 Gotlands län","33",628
"09 Gotlands län","34",608
"09 Gotlands län","35",581
"09 Gotlands län","36",624
"09 Gotlands län","37",601
"09 Gotlands län","38",622
"09 Gotlands län","39",632
"09 Gotlands län","40",638
"09 Gotlands län","41",590
"09 Gotlands län","42",640
"09 Gotlands län","43",623
"09 Gotlands län","44",682
"09 Gotlands län","45",769
"09 Gotlands län","46",712
"09 Gotlands län","47",765
"09 Gotlands län","48",748
"09 Gotlands län","49",686
"09 Gotlands län","50",718
"09 Gotlands län","51",744
"09 Gotlands län","52",871
"09 Gotlands län","53",864
"09 Gotlands län","54",855
"09 Gotlands län","55",877
"09 Gotlands län","56",820
"09 Gotlands län","57",783
"09 Gotlands län","58",771
"09 Gotlands län","59",780
"09 Gotlands län","60",750
"09 Gotlands län","61",820
"09 Gotlands län","62",808
"09 Gotlands län","63",863
"09 Gotlands län","64",860
"09 Gotlands län","65",789
"09 Gotlands län","66",827
"09 Gotlands län","67",830
"09 Gotlands län","68",781
"09 Gotlands län","69",854
"09 Gotlands län","70",823
"09 Gotlands län","71",827
"09 Gotlands län","72",816
"09 Gotlands län","73",895
"09 Gotlands län","74",852
"09 Gotlands län","75",729
"09 Gotlands län","76",738
"09 Gotlands län","77",657
"09 Gotlands län","78",534
"09 Gotlands län","79",514
"09 Gotlands län","80",505
"09 Gotlands län","81",396
"09 Gotlands län","82",389
"09 Gotlands län","83",375
"09 Gotlands län","84",323
"09 Gotlands län","85",283
"09 Gotlands län","86",284
"09 Gotlands län","87",227
"09 Gotlands län","88",219
"09 Gotlands län","89",169
"09 Gotlands län","90",130
"09 Gotlands län","91",128
"09 Gotlands län","92",117
"09 Gotlands län","93",76
"09 Gotlands län","94",53
"09 Gotlands län","95",43
"09 Gotlands län","96",31
"09 Gotlands län","97",20
"09 Gotlands län","98",17
"09 Gotlands län","99",15
"09 Gotlands län","100+",13
"10 Blekinge län","0",1546
"10 Blekinge län","1",1647
"10 Blekinge län","2",1657
"10 Blekinge län","3",1765
"10 Blekinge län","4",1736
"10 Blekinge län","5",1835
"10 Blekinge län","6",1771
"10 Blekinge län","7",1839
"10 Blekinge län","8",1870
"10 Blekinge län","9",1911
"10 Blekinge län","10",1900
"10 Blekinge län","11",1867
"10 Blekinge län","12",1876
"10 Blekinge län","13",1935
"10 Blekinge län","14",1902
"10 Blekinge län","15",1849
"10 Blekinge län","16",1827
"10 Blekinge län","17",1813
"10 Blekinge län","18",1670
"10 Blekinge län","19",1841
"10 Blekinge län","20",1764
"10 Blekinge län","21",1727
"10 Blekinge län","22",1673
"10 Blekinge län","23",1725
"10 Blekinge län","24",1795
"10 Blekinge län","25",1912
"10 Blekinge län","26",1923
"10 Blekinge län","27",1975
"10 Blekinge län","28",2089
"10 Blekinge län","29",2046
"10 Blekinge län","30",1884
"10 Blekinge län","31",1928
"10 Blekinge län","32",1869
"10 Blekinge län","33",1816
"10 Blekinge län","34",1793
"10 Blekinge län","35",1771
"10 Blekinge län","36",1754
"10 Blekinge län","37",1707
"10 Blekinge län","38",1697
"10 Blekinge län","39",1802
"10 Blekinge län","40",1788
"10 Blekinge län","41",1764
"10 Blekinge län","42",1833
"10 Blekinge län","43",1897
"10 Blekinge län","44",1904
"10 Blekinge län","45",1932
"10 Blekinge län","46",2023
"10 Blekinge län","47",1987
"10 Blekinge län","48",2028
"10 Blekinge län","49",2035
"10 Blekinge län","50",2028
"10 Blekinge län","51",2108
"10 Blekinge län","52",2156
"10 Blekinge län","53",2250
"10 Blekinge län","54",2239
"10 Blekinge län","55",2200
"10 Blekinge län","56",2002
"10 Blekinge län","57",1921
"10 Blekinge län","58",1822
"10 Blekinge län","59",1821
"10 Blekinge län","60",1830
"10 Blekinge län","61",1821
"10 Blekinge län","62",1848
"10 Blekinge län","63",1858
"10 Blekinge län","64",1837
"10 Blekinge län","65",1930
"10 Blekinge län","66",1745
"10 Blekinge län","67",1878
"10 Blekinge län","68",1894
"10 Blekinge län","69",1932
"10 Blekinge län","70",1970
"10 Blekinge län","71",1995
"10 Blekinge län","72",2003
"10 Blekinge län","73",2063
"10 Blekinge län","74",1982
"10 Blekinge län","75",1905
"10 Blekinge län","76",1800
"10 Blekinge län","77",1621
"10 Blekinge län","78",1346
"10 Blekinge län","79",1356
"10 Blekinge län","80",1278
"10 Blekinge län","81",1232
"10 Blekinge län","82",1116
"10 Blekinge län","83",1000
"10 Blekinge län","84",863
"10 Blekinge län","85",767
"10 Blekinge län","86",712
"10 Blekinge län","87",674
"10 Blekinge län","88",538
"10 Blekinge län","89",523
"10 Blekinge län","90",383
"10 Blekinge län","91",342
"10 Blekinge län","92",302
"10 Blekinge län","93",235
"10 Blekinge län","94",171
"10 Blekinge län","95",101
"10 Blekinge län","96",112
"10 Blekinge län","97",79
"10 Blekinge län","98",51
"10 Blekinge län","99",40
"10 Blekinge län","100+",28
"12 Skåne län","0",15889
"12 Skåne län","1",16257
"12 Skåne län","2",16451
"12 Skåne län","3",17180
"12 Skåne län","4",16791
"12 Skåne län","5",17278
"12 Skåne län","6",17065
"12 Skåne län","7",17226
"12 Skåne län","8",16989
"12 Skåne län","9",17523
"12 Skåne län","10",17242
"12 Skåne län","11",16784
"12 Skåne län","12",16414
"12 Skåne län","13",16353
"12 Skåne län","14",15761
"12 Skåne län","15",15471
"12 Skåne län","16",15394
"12 Skåne län","17",15095
"12 Skåne län","18",14647
"12 Skåne län","19",15019
"12 Skåne län","20",15478
"12 Skåne län","21",15270
"12 Skåne län","22",15350
"12 Skåne län","23",16196
"12 Skåne län","24",17496
"12 Skåne län","25",18140
"12 Skåne län","26",18809
"12 Skåne län","27",19615
"12 Skåne län","28",19852
"12 Skåne län","29",20484
"12 Skåne län","30",20027
"12 Skåne län","31",19666
"12 Skåne län","32",18886
"12 Skåne län","33",18771
"12 Skåne län","34",18329
"12 Skåne län","35",18169
"12 Skåne län","36",17785
"12 Skåne län","37",17730
"12 Skåne län","38",17655
"12 Skåne län","39",17732
"12 Skåne län","40",17993
"12 Skåne län","41",17269
"12 Skåne län","42",17354
"12 Skåne län","43",17411
"12 Skåne län","44",17915
"12 Skåne län","45",18094
"12 Skåne län","46",17724
"12 Skåne län","47",17697
"12 Skåne län","48",17813
"12 Skåne län","49",17421
"12 Skåne län","50",17055
"12 Skåne län","51",17591
"12 Skåne län","52",18369
"12 Skåne län","53",18226
"12 Skåne län","54",18066
"12 Skåne län","55",17897
"12 Skåne län","56",16897
"12 Skåne län","57",15936
"12 Skåne län","58",15410
"12 Skåne län","59",14985
"12 Skåne län","60",14863
"12 Skåne län","61",14548
"12 Skåne län","62",14624
"12 Skåne län","63",14373
"12 Skåne län","64",14368
"12 Skåne län","65",13943
"12 Skåne län","66",14249
"12 Skåne län","67",13984
"12 Skåne län","68",14007
"12 Skåne län","69",14340
"12 Skåne län","70",14397
"12 Skåne län","71",14519
"12 Skåne län","72",14565
"12 Skåne län","73",14358
"12 Skåne län","74",14048
"12 Skåne län","75",13677
"12 Skåne län","76",12684
"12 Skåne län","77",11450
"12 Skåne län","78",9605
"12 Skåne län","79",9020
"12 Skåne län","80",8416
"12 Skåne län","81",7999
"12 Skåne län","82",7246
"12 Skåne län","83",6583
"12 Skåne län","84",5729
"12 Skåne län","85",5147
"12 Skåne län","86",4636
"12 Skåne län","87",4276
"12 Skåne län","88",3848
"12 Skåne län","89",3488
"12 Skåne län","90",2868
"12 Skåne län","91",2479
"12 Skåne län","92",2019
"12 Skåne län","93",1629
"12 Skåne län","94",1267
"12 Skåne län","95",1017
"12 Skåne län","96",712
"12 Skåne län","97",544
"12 Skåne län","98",345
"12 Skåne län","99",258
"12 Skåne län","100+",307
"13 Hallands län","0",3583
"13 Hallands län","1",3681
"13 Hallands län","2",3783
"13 Hallands län","3",4071
"13 Hallands län","4",3894
"13 Hallands län","5",4064
"13 Hallands län","6",4052
"13 Hallands län","7",4085
"13 Hallands län","8",4197
"13 Hallands län","9",4448
"13 Hallands län","10",4251
"13 Hallands län","11",4145
"13 Hallands län","12",4120
"13 Hallands län","13",4218
"13 Hallands län","14",4083
"13 Hallands län","15",3949
"13 Hallands län","16",4025
"13 Hallands län","17",3911
"13 Hallands län","18",3751
"13 Hallands län","19",3696
"13 Hallands län","20",3667
"13 Hallands län","21",3528
"13 Hallands län","22",3351
"13 Hallands län","23",3398
"13 Hallands län","24",3536
"13 Hallands län","25",3778
"13 Hallands län","26",4014
"13 Hallands län","27",4101
"13 Hallands län","28",4205
"13 Hallands län","29",4316
"13 Hallands län","30",4090
"13 Hallands län","31",4033
"13 Hallands län","32",3938
"13 Hallands län","33",4011
"13 Hallands län","34",3940
"13 Hallands län","35",3859
"13 Hallands län","36",3715
"13 Hallands län","37",3825
"13 Hallands län","38",3829
"13 Hallands län","39",3845
"13 Hallands län","40",3901
"13 Hallands län","41",3850
"13 Hallands län","42",3806
"13 Hallands län","43",4021
"13 Hallands län","44",4130
"13 Hallands län","45",4361
"13 Hallands län","46",4286
"13 Hallands län","47",4425
"13 Hallands län","48",4448
"13 Hallands län","49",4335
"13 Hallands län","50",4301
"13 Hallands län","51",4456
"13 Hallands län","52",4704
"13 Hallands län","53",4551
"13 Hallands län","54",4615
"13 Hallands län","55",4502
"13 Hallands län","56",4294
"13 Hallands län","57",3980
"13 Hallands län","58",3925
"13 Hallands län","59",3862
"13 Hallands län","60",3914
"13 Hallands län","61",3888
"13 Hallands län","62",3890
"13 Hallands län","63",3773
"13 Hallands län","64",3815
"13 Hallands län","65",3604
"13 Hallands län","66",3863
"13 Hallands län","67",3685
"13 Hallands län","68",3680
"13 Hallands län","69",3769
"13 Hallands län","70",3899
"13 Hallands län","71",4005
"13 Hallands län","72",3959
"13 Hallands län","73",4013
"13 Hallands län","74",3806
"13 Hallands län","75",3667
"13 Hallands län","76",3456
"13 Hallands län","77",3080
"13 Hallands län","78",2586
"13 Hallands län","79",2435
"13 Hallands län","80",2323
"13 Hallands län","81",2118
"13 Hallands län","82",1974
"13 Hallands län","83",1819
"13 Hallands län","84",1582
"13 Hallands län","85",1455
"13 Hallands län","86",1290
"13 Hallands län","87",1162
"13 Hallands län","88",1021
"13 Hallands län","89",923
"13 Hallands län","90",749
"13 Hallands län","91",715
"13 Hallands län","92",552
"13 Hallands län","93",426
"13 Hallands län","94",359
"13 Hallands län","95",274
"13 Hallands län","96",195
"13 Hallands län","97",122
"13 Hallands län","98",106
"13 Hallands län","99",72
"13 Hallands län","100+",85
"14 Västra Götalands län","0",19540
"14 Västra Götalands län","1",19983
"14 Västra Götalands län","2",20018
"14 Västra Götalands län","3",20859
"14 Västra Götalands län","4",20375
"14 Västra Götalands län","5",20631
"14 Västra Götalands län","6",20534
"14 Västra Götalands län","7",20695
"14 Västra Götalands län","8",20308
"14 Västra Götalands län","9",21477
"14 Västra Götalands län","10",20805
"14 Västra Götalands län","11",20310
"14 Västra Götalands län","12",20286
"14 Västra Götalands län","13",19910
"14 Västra Götalands län","14",19118
"14 Västra Götalands län","15",19175
"14 Västra Götalands län","16",18968
"14 Västra Götalands län","17",18470
"14 Västra Götalands län","18",18185
"14 Västra Götalands län","19",18576
"14 Västra Götalands län","20",19758
"14 Västra Götalands län","21",19483
"14 Västra Götalands län","22",18927
"14 Västra Götalands län","23",19894
"14 Västra Götalands län","24",21944
"14 Västra Götalands län","25",24035
"14 Västra Götalands län","26",25318
"14 Västra Götalands län","27",26387
"14 Västra Götalands län","28",27005
"14 Västra Götalands län","29",27521
"14 Västra Götalands län","30",25916
"14 Västra Götalands län","31",25865
"14 Västra Götalands län","32",24671
"14 Västra Götalands län","33",24070
"14 Västra Götalands län","34",23754
"14 Västra Götalands län","35",22758
"14 Västra Götalands län","36",21885
"14 Västra Götalands län","37",22106
"14 Västra Götalands län","38",21436
"14 Västra Götalands län","39",22145
"14 Västra Götalands län","40",21228
"14 Västra Götalands län","41",20632
"14 Västra Götalands län","42",20906
"14 Västra Götalands län","43",20687
"14 Västra Götalands län","44",21544
"14 Västra Götalands län","45",22415
"14 Västra Götalands län","46",21828
"14 Västra Götalands län","47",22172
"14 Västra Götalands län","48",21761
"14 Västra Götalands län","49",21544
"14 Västra Götalands län","50",21402
"14 Västra Götalands län","51",22222
"14 Västra Götalands län","52",23049
"14 Västra Götalands län","53",23282
"14 Västra Götalands län","54",23253
"14 Västra Götalands län","55",22904
"14 Västra Götalands län","56",21905
"14 Västra Götalands län","57",20019
"14 Västra Götalands län","58",19660
"14 Västra Götalands län","59",19190
"14 Västra Götalands län","60",19264
"14 Västra Götalands län","61",19113
"14 Västra Götalands län","62",19216
"14 Västra Götalands län","63",19104
"14 Västra Götalands län","64",18453
"14 Västra Götalands län","65",17864
"14 Västra Götalands län","66",18380
"14 Västra Götalands län","67",17761
"14 Västra Götalands län","68",17208
"14 Västra Götalands län","69",17756
"14 Västra Götalands län","70",18283
"14 Västra Götalands län","71",18673
"14 Västra Götalands län","72",18277
"14 Västra Götalands län","73",17734
"14 Västra Götalands län","74",17608
"14 Västra Götalands län","75",16498
"14 Västra Götalands län","76",15413
"14 Västra Götalands län","77",13835
"14 Västra Götalands län","78",11646
"14 Västra Götalands län","79",10951
"14 Västra Götalands län","80",10531
"14 Västra Götalands län","81",9720
"14 Västra Götalands län","82",8823
"14 Västra Götalands län","83",8033
"14 Västra Götalands län","84",7326
"14 Västra Götalands län","85",6506
"14 Västra Götalands län","86",5960
"14 Västra Götalands län","87",5576
"14 Västra Götalands län","88",4989
"14 Västra Götalands län","89",4386
"14 Västra Götalands län","90",3612
"14 Västra Götalands län","91",2965
"14 Västra Götalands län","92",2416
"14 Västra Götalands län","93",2021
"14 Västra Götalands län","94",1552
"14 Västra Götalands län","95",1219
"14 Västra Götalands län","96",800
"14 Västra Götalands län","97",627
"14 Västra Götalands län","98",441
"14 Västra Götalands län","99",290
"14 Västra Götalands län","100+",347
"17 Värmlands län","0",2816
"17 Värmlands län","1",2982
"17 Värmlands län","2",3102
"17 Värmlands län","3",3148
"17 Värmlands län","4",3063
"17 Värmlands län","5",3161
"17 Värmlands län","6",3066
"17 Värmlands län","7",3215
"17 Värmlands län","8",3119
"17 Värmlands län","9",3189
"17 Värmlands län","10",3145
"17 Värmlands län","11",2994
"17 Värmlands län","12",3110
"17 Värmlands län","13",3049
"17 Värmlands län","14",3020
"17 Värmlands län","15",2878
"17 Värmlands län","16",2994
"17 Värmlands län","17",2878
"17 Värmlands län","18",2962
"17 Värmlands län","19",3080
"17 Värmlands län","20",3230
"17 Värmlands län","21",3279
"17 Värmlands län","22",3062
"17 Värmlands län","23",3240
"17 Värmlands län","24",3270
"17 Värmlands län","25",3355
"17 Värmlands län","26",3643
"17 Värmlands län","27",3775
"17 Värmlands län","28",3870
"17 Värmlands län","29",3775
"17 Värmlands län","30",3605
"17 Värmlands län","31",3534
"17 Värmlands län","32",3243
"17 Värmlands län","33",3291
"17 Värmlands län","34",3267
"17 Värmlands län","35",3008
"17 Värmlands län","36",3065
"17 Värmlands län","37",2990
"17 Värmlands län","38",3021
"17 Värmlands län","39",3144
"17 Värmlands län","40",2946
"17 Värmlands län","41",2847
"17 Värmlands län","42",3025
"17 Värmlands län","43",3024
"17 Värmlands län","44",3228
"17 Värmlands län","45",3427
"17 Värmlands län","46",3463
"17 Värmlands län","47",3516
"17 Värmlands län","48",3600
"17 Värmlands län","49",3528
"17 Värmlands län","50",3412
"17 Värmlands län","51",3687
"17 Värmlands län","52",3922
"17 Värmlands län","53",3982
"17 Värmlands län","54",4011
"17 Värmlands län","55",3982
"17 Värmlands län","56",3645
"17 Värmlands län","57",3544
"17 Värmlands län","58",3384
"17 Värmlands län","59",3354
"17 Värmlands län","60",3515
"17 Värmlands län","61",3453
"17 Värmlands län","62",3567
"17 Värmlands län","63",3626
"17 Värmlands län","64",3475
"17 Värmlands län","65",3457
"17 Värmlands län","66",3467
"17 Värmlands län","67",3480
"17 Värmlands län","68",3436
"17 Värmlands län","69",3505
"17 Värmlands län","70",3582
"17 Värmlands län","71",3650
"17 Värmlands län","72",3678
"17 Värmlands län","73",3613
"17 Värmlands län","74",3527
"17 Värmlands län","75",3406
"17 Värmlands län","76",3048
"17 Värmlands län","77",2701
"17 Värmlands län","78",2332
"17 Värmlands län","79",2165
"17 Värmlands län","80",2137
"17 Värmlands län","81",2010
"17 Värmlands län","82",1827
"17 Värmlands län","83",1737
"17 Värmlands län","84",1557
"17 Värmlands län","85",1396
"17 Värmlands län","86",1284
"17 Värmlands län","87",1215
"17 Värmlands län","88",1041
"17 Värmlands län","89",955
"17 Värmlands län","90",739
"17 Värmlands län","91",682
"17 Värmlands län","92",529
"17 Värmlands län","93",411
"17 Värmlands län","94",318
"17 Värmlands län","95",236
"17 Värmlands län","96",171
"17 Värmlands län","97",125
"17 Värmlands län","98",72
"17 Värmlands län","99",61
"17 Värmlands län","100+",63
"18 Örebro län","0",3344
"18 Örebro län","1",3522
"18 Örebro län","2",3488
"18 Örebro län","3",3553
"18 Örebro län","4",3579
"18 Örebro län","5",3660
"18 Örebro län","6",3626
"18 Örebro län","7",3687
"18 Örebro län","8",3706
"18 Örebro län","9",3782
"18 Örebro län","10",3746
"18 Örebro län","11",3685
"18 Örebro län","12",3630
"18 Örebro län","13",3458
"18 Örebro län","14",3360
"18 Örebro län","15",3298
"18 Örebro län","16",3393
"18 Örebro län","17",3337
"18 Örebro län","18",3333
"18 Örebro län","19",3596
"18 Örebro län","20",3775
"18 Örebro län","21",3972
"18 Örebro län","22",3956
"18 Örebro län","23",4018
"18 Örebro län","24",3978
"18 Örebro län","25",4138
"18 Örebro län","26",4283
"18 Örebro län","27",4229
"18 Örebro län","28",4360
"18 Örebro län","29",4341
"18 Örebro län","30",4088
"18 Örebro län","31",4080
"18 Örebro län","32",3825
"18 Örebro län","33",3798
"18 Örebro län","34",3736
"18 Örebro län","35",3534
"18 Örebro län","36",3551
"18 Örebro län","37",3451
"18 Örebro län","38",3353
"18 Örebro län","39",3797
"18 Örebro län","40",3505
"18 Örebro län","41",3323
"18 Örebro län","42",3552
"18 Örebro län","43",3408
"18 Örebro län","44",3506
"18 Örebro län","45",3907
"18 Örebro län","46",3769
"18 Örebro län","47",3889
"18 Örebro län","48",3904
"18 Örebro län","49",3871
"18 Örebro län","50",3727
"18 Örebro län","51",3850
"18 Örebro län","52",4081
"18 Örebro län","53",3963
"18 Örebro län","54",3939
"18 Örebro län","55",4041
"18 Örebro län","56",3470
"18 Örebro län","57",3626
"18 Örebro län","58",3422
"18 Örebro län","59",3392
"18 Örebro län","60",3336
"18 Örebro län","61",3225
"18 Örebro län","62",3389
"18 Örebro län","63",3386
"18 Örebro län","64",3404
"18 Örebro län","65",3224
"18 Örebro län","66",3382
"18 Örebro län","67",3390
"18 Örebro län","68",3189
"18 Örebro län","69",3540
"18 Örebro län","70",3447
"18 Örebro län","71",3600
"18 Örebro län","72",3584
"18 Örebro län","73",3588
"18 Örebro län","74",3584
"18 Örebro län","75",3449
"18 Örebro län","76",3145
"18 Örebro län","77",2733
"18 Örebro län","78",2458
"18 Örebro län","79",2326
"18 Örebro län","80",1992
"18 Örebro län","81",1893
"18 Örebro län","82",1594
"18 Örebro län","83",1447
"18 Örebro län","84",1335
"18 Örebro län","85",1143
"18 Örebro län","86",1032
"18 Örebro län","87",1002
"18 Örebro län","88",876
"18 Örebro län","89",789
"18 Örebro län","90",658
"18 Örebro län","91",539
"18 Örebro län","92",484
"18 Örebro län","93",388
"18 Örebro län","94",288
"18 Örebro län","95",242
"18 Örebro län","96",178
"18 Örebro län","97",125
"18 Örebro län","98",99
"18 Örebro län","99",50
"18 Örebro län","100+",81
"19 Västmanlands län","0",3021
"19 Västmanlands län","1",3157
"19 Västmanlands län","2",3235
"19 Västmanlands län","3",3266
"19 Västmanlands län","4",3209
"19 Västmanlands län","5",3250
"19 Västmanlands län","6",3265
"19 Västmanlands län","7",3304
"19 Västmanlands län","8",3264
"19 Västmanlands län","9",3409
"19 Västmanlands län","10",3218
"19 Västmanlands län","11",3212
"19 Västmanlands län","12",3253
"19 Västmanlands län","13",3197
"19 Västmanlands län","14",3193
"19 Västmanlands län","15",3151
"19 Västmanlands län","16",3195
"19 Västmanlands län","17",3088
"19 Västmanlands län","18",3049
"19 Västmanlands län","19",3088
"19 Västmanlands län","20",3111
"19 Västmanlands län","21",2960
"19 Västmanlands län","22",2781
"19 Västmanlands län","23",2906
"19 Västmanlands län","24",3210
"19 Västmanlands län","25",3619
"19 Västmanlands län","26",3686
"19 Västmanlands län","27",3805
"19 Västmanlands län","28",3808
"19 Västmanlands län","29",4024
"19 Västmanlands län","30",3714
"19 Västmanlands län","31",3648
"19 Västmanlands län","32",3561
"19 Västmanlands län","33",3451
"19 Västmanlands län","34",3470
"19 Västmanlands län","35",3203
"19 Västmanlands län","36",3150
"19 Västmanlands län","37",3189
"19 Västmanlands län","38",3103
"19 Västmanlands län","39",3221
"19 Västmanlands län","40",3132
"19 Västmanlands län","41",3081
"19 Västmanlands län","42",3008
"19 Västmanlands län","43",3199
"19 Västmanlands län","44",3311
"19 Västmanlands län","45",3368
"19 Västmanlands län","46",3294
"19 Västmanlands län","47",3628
"19 Västmanlands län","48",3525
"19 Västmanlands län","49",3430
"19 Västmanlands län","50",3471
"19 Västmanlands län","51",3733
"19 Västmanlands län","52",3778
"19 Västmanlands län","53",3812
"19 Västmanlands län","54",3986
"19 Västmanlands län","55",3818
"19 Västmanlands län","56",3516
"19 Västmanlands län","57",3370
"19 Västmanlands län","58",3305
"19 Västmanlands län","59",3152
"19 Västmanlands län","60",3173
"19 Västmanlands län","61",3102
"19 Västmanlands län","62",3084
"19 Västmanlands län","63",2927
"19 Västmanlands län","64",3004
"19 Västmanlands län","65",2946
"19 Västmanlands län","66",2911
"19 Västmanlands län","67",2990
"19 Västmanlands län","68",2945
"19 Västmanlands län","69",3129
"19 Västmanlands län","70",3241
"19 Västmanlands län","71",3315
"19 Västmanlands län","72",3277
"19 Västmanlands län","73",3326
"19 Västmanlands län","74",3173
"19 Västmanlands län","75",3140
"19 Västmanlands län","76",2717
"19 Västmanlands län","77",2433
"19 Västmanlands län","78",2274
"19 Västmanlands län","79",2052
"19 Västmanlands län","80",2043
"19 Västmanlands län","81",1846
"19 Västmanlands län","82",1663
"19 Västmanlands län","83",1433
"19 Västmanlands län","84",1283
"19 Västmanlands län","85",1125
"19 Västmanlands län","86",1064
"19 Västmanlands län","87",957
"19 Västmanlands län","88",900
"19 Västmanlands län","89",795
"19 Västmanlands län","90",636
"19 Västmanlands län","91",561
"19 Västmanlands län","92",451
"19 Västmanlands län","93",372
"19 Västmanlands län","94",292
"19 Västmanlands län","95",224
"19 Västmanlands län","96",151
"19 Västmanlands län","97",116
"19 Västmanlands län","98",79
"19 Västmanlands län","99",65
"19 Västmanlands län","100+",69
"20 Dalarnas län","0",2986
"20 Dalarnas län","1",3116
"20 Dalarnas län","2",3218
"20 Dalarnas län","3",3316
"20 Dalarnas län","4",3225
"20 Dalarnas län","5",3300
"20 Dalarnas län","6",3121
"20 Dalarnas län","7",3357
"20 Dalarnas län","8",3397
"20 Dalarnas län","9",3358
"20 Dalarnas län","10",3286
"20 Dalarnas län","11",3438
"20 Dalarnas län","12",3369
"20 Dalarnas län","13",3271
"20 Dalarnas län","14",3278
"20 Dalarnas län","15",3260
"20 Dalarnas län","16",3174
"20 Dalarnas län","17",3132
"20 Dalarnas län","18",3016
"20 Dalarnas län","19",3086
"20 Dalarnas län","20",3055
"20 Dalarnas län","21",2738
"20 Dalarnas län","22",2695
"20 Dalarnas län","23",2881
"20 Dalarnas län","24",2999
"20 Dalarnas län","25",3185
"20 Dalarnas län","26",3300
"20 Dalarnas län","27",3578
"20 Dalarnas län","28",3724
"20 Dalarnas län","29",3816
"20 Dalarnas län","30",3626
"20 Dalarnas län","31",3523
"20 Dalarnas län","32",3476
"20 Dalarnas län","33",3417
"20 Dalarnas län","34",3394
"20 Dalarnas län","35",3153
"20 Dalarnas län","36",3070
"20 Dalarnas län","37",3092
"20 Dalarnas län","38",3030
"20 Dalarnas län","39",3214
"20 Dalarnas län","40",3102
"20 Dalarnas län","41",2969
"20 Dalarnas län","42",3014
"20 Dalarnas län","43",3210
"20 Dalarnas län","44",3230
"20 Dalarnas län","45",3467
"20 Dalarnas län","46",3353
"20 Dalarnas län","47",3531
"20 Dalarnas län","48",3581
"20 Dalarnas län","49",3410
"20 Dalarnas län","50",3422
"20 Dalarnas län","51",3616
"20 Dalarnas län","52",3883
"20 Dalarnas län","53",3861
"20 Dalarnas län","54",3818
"20 Dalarnas län","55",3975
"20 Dalarnas län","56",3643
"20 Dalarnas län","57",3567
"20 Dalarnas län","58",3395
"20 Dalarnas län","59",3535
"20 Dalarnas län","60",3482
"20 Dalarnas län","61",3563
"20 Dalarnas län","62",3650
"20 Dalarnas län","63",3660
"20 Dalarnas län","64",3690
"20 Dalarnas län","65",3624
"20 Dalarnas län","66",3693
"20 Dalarnas län","67",3625
"20 Dalarnas län","68",3563
"20 Dalarnas län","69",3744
"20 Dalarnas län","70",3955
"20 Dalarnas län","71",4084
"20 Dalarnas län","72",3935
"20 Dalarnas län","73",3893
"20 Dalarnas län","74",3701
"20 Dalarnas län","75",3706
"20 Dalarnas län","76",3192
"20 Dalarnas län","77",2902
"20 Dalarnas län","78",2608
"20 Dalarnas län","79",2212
"20 Dalarnas län","80",2294
"20 Dalarnas län","81",2058
"20 Dalarnas län","82",1813
"20 Dalarnas län","83",1642
"20 Dalarnas län","84",1511
"20 Dalarnas län","85",1356
"20 Dalarnas län","86",1270
"20 Dalarnas län","87",1124
"20 Dalarnas län","88",1026
"20 Dalarnas län","89",897
"20 Dalarnas län","90",727
"20 Dalarnas län","91",634
"20 Dalarnas län","92",497
"20 Dalarnas län","93",403
"20 Dalarnas län","94",300
"20 Dalarnas län","95",207
"20 Dalarnas län","96",167
"20 Dalarnas län","97",105
"20 Dalarnas län","98",87
"20 Dalarnas län","99",56
"20 Dalarnas län","100+",58
"21 Gävleborgs län","0",2905
"21 Gävleborgs län","1",3204
"21 Gävleborgs län","2",3057
"21 Gävleborgs län","3",3102
"21 Gävleborgs län","4",3144
"21 Gävleborgs län","5",3113
"21 Gävleborgs län","6",3183
"21 Gävleborgs län","7",3303
"21 Gävleborgs län","8",3218
"21 Gävleborgs län","9",3310
"21 Gävleborgs län","10",3268
"21 Gävleborgs län","11",3165
"21 Gävleborgs län","12",3272
"21 Gävleborgs län","13",3355
"21 Gävleborgs län","14",3205
"21 Gävleborgs län","15",3331
"21 Gävleborgs län","16",3284
"21 Gävleborgs län","17",3216
"21 Gävleborgs län","18",3094
"21 Gävleborgs län","19",3151
"21 Gävleborgs län","20",3074
"21 Gävleborgs län","21",2998
"21 Gävleborgs län","22",2826
"21 Gävleborgs län","23",2914
"21 Gävleborgs län","24",3066
"21 Gävleborgs län","25",3313
"21 Gävleborgs län","26",3482
"21 Gävleborgs län","27",3710
"21 Gävleborgs län","28",3879
"21 Gävleborgs län","29",3754
"21 Gävleborgs län","30",3731
"21 Gävleborgs län","31",3561
"21 Gävleborgs län","32",3357
"21 Gävleborgs län","33",3317
"21 Gävleborgs län","34",3206
"21 Gävleborgs län","35",3122
"21 Gävleborgs län","36",2988
"21 Gävleborgs län","37",3036
"21 Gävleborgs län","38",3029
"21 Gävleborgs län","39",3086
"21 Gävleborgs län","40",2976
"21 Gävleborgs län","41",2872
"21 Gävleborgs län","42",3025
"21 Gävleborgs län","43",3090
"21 Gävleborgs län","44",3370
"21 Gävleborgs län","45",3550
"21 Gävleborgs län","46",3575
"21 Gävleborgs län","47",3693
"21 Gävleborgs län","48",3689
"21 Gävleborgs län","49",3597
"21 Gävleborgs län","50",3534
"21 Gävleborgs län","51",3721
"21 Gävleborgs län","52",4094
"21 Gävleborgs län","53",3997
"21 Gävleborgs län","54",4041
"21 Gävleborgs län","55",3996
"21 Gävleborgs län","56",3654
"21 Gävleborgs län","57",3688
"21 Gävleborgs län","58",3510
"21 Gävleborgs län","59",3538
"21 Gävleborgs län","60",3540
"21 Gävleborgs län","61",3419
"21 Gävleborgs län","62",3541
"21 Gävleborgs län","63",3601
"21 Gävleborgs län","64",3548
"21 Gävleborgs län","65",3580
"21 Gävleborgs län","66",3636
"21 Gävleborgs län","67",3515
"21 Gävleborgs län","68",3452
"21 Gävleborgs län","69",3617
"21 Gävleborgs län","70",3810
"21 Gävleborgs län","71",3894
"21 Gävleborgs län","72",3866
"21 Gävleborgs län","73",3956
"21 Gävleborgs län","74",3815
"21 Gävleborgs län","75",3703
"21 Gävleborgs län","76",3112
"21 Gävleborgs län","77",2822
"21 Gävleborgs län","78",2598
"21 Gävleborgs län","79",2162
"21 Gävleborgs län","80",2156
"21 Gävleborgs län","81",2058
"21 Gävleborgs län","82",1859
"21 Gävleborgs län","83",1660
"21 Gävleborgs län","84",1551
"21 Gävleborgs län","85",1299
"21 Gävleborgs län","86",1161
"21 Gävleborgs län","87",1077
"21 Gävleborgs län","88",987
"21 Gävleborgs län","89",839
"21 Gävleborgs län","90",692
"21 Gävleborgs län","91",575
"21 Gävleborgs län","92",492
"21 Gävleborgs län","93",370
"21 Gävleborgs län","94",292
"21 Gävleborgs län","95",200
"21 Gävleborgs län","96",130
"21 Gävleborgs län","97",102
"21 Gävleborgs län","98",71
"21 Gävleborgs län","99",47
"21 Gävleborgs län","100+",38
"22 Västernorrlands län","0",2469
"22 Västernorrlands län","1",2611
"22 Västernorrlands län","2",2547
"22 Västernorrlands län","3",2728
"22 Västernorrlands län","4",2700
"22 Västernorrlands län","5",2653
"22 Västernorrlands län","6",2623
"22 Västernorrlands län","7",2683
"22 Västernorrlands län","8",2731
"22 Västernorrlands län","9",2877
"22 Västernorrlands län","10",2818
"22 Västernorrlands län","11",2928
"22 Västernorrlands län","12",2820
"22 Västernorrlands län","13",2831
"22 Västernorrlands län","14",2787
"22 Västernorrlands län","15",2948
"22 Västernorrlands län","16",2852
"22 Västernorrlands län","17",2805
"22 Västernorrlands län","18",2703
"22 Västernorrlands län","19",2595
"22 Västernorrlands län","20",2635
"22 Västernorrlands län","21",2305
"22 Västernorrlands län","22",2315
"22 Västernorrlands län","23",2295
"22 Västernorrlands län","24",2477
"22 Västernorrlands län","25",2703
"22 Västernorrlands län","26",2769
"22 Västernorrlands län","27",2959
"22 Västernorrlands län","28",3157
"22 Västernorrlands län","29",3174
"22 Västernorrlands län","30",3105
"22 Västernorrlands län","31",2970
"22 Västernorrlands län","32",2862
"22 Västernorrlands län","33",2750
"22 Västernorrlands län","34",2797
"22 Västernorrlands län","35",2664
"22 Västernorrlands län","36",2555
"22 Västernorrlands län","37",2643
"22 Västernorrlands län","38",2594
"22 Västernorrlands län","39",2823
"22 Västernorrlands län","40",2703
"22 Västernorrlands län","41",2676
"22 Västernorrlands län","42",2817
"22 Västernorrlands län","43",2747
"22 Västernorrlands län","44",2943
"22 Västernorrlands län","45",3063
"22 Västernorrlands län","46",3050
"22 Västernorrlands län","47",3105
"22 Västernorrlands län","48",3099
"22 Västernorrlands län","49",3140
"22 Västernorrlands län","50",3124
"22 Västernorrlands län","51",3221
"22 Västernorrlands län","52",3498
"22 Västernorrlands län","53",3470
"22 Västernorrlands län","54",3452
"22 Västernorrlands län","55",3368
"22 Västernorrlands län","56",3149
"22 Västernorrlands län","57",2926
"22 Västernorrlands län","58",2854
"22 Västernorrlands län","59",2904
"22 Västernorrlands län","60",2982
"22 Västernorrlands län","61",3013
"22 Västernorrlands län","62",3204
"22 Västernorrlands län","63",3140
"22 Västernorrlands län","64",3008
"22 Västernorrlands län","65",3061
"22 Västernorrlands län","66",3066
"22 Västernorrlands län","67",3118
"22 Västernorrlands län","68",2940
"22 Västernorrlands län","69",3071
"22 Västernorrlands län","70",3267
"22 Västernorrlands län","71",3220
"22 Västernorrlands län","72",3174
"22 Västernorrlands län","73",3381
"22 Västernorrlands län","74",3175
"22 Västernorrlands län","75",2986
"22 Västernorrlands län","76",2814
"22 Västernorrlands län","77",2412
"22 Västernorrlands län","78",2167
"22 Västernorrlands län","79",1972
"22 Västernorrlands län","80",1985
"22 Västernorrlands län","81",1765
"22 Västernorrlands län","82",1672
"22 Västernorrlands län","83",1439
"22 Västernorrlands län","84",1269
"22 Västernorrlands län","85",1232
"22 Västernorrlands län","86",1102
"22 Västernorrlands län","87",1006
"22 Västernorrlands län","88",827
"22 Västernorrlands län","89",756
"22 Västernorrlands län","90",626
"22 Västernorrlands län","91",505
"22 Västernorrlands län","92",407
"22 Västernorrlands län","93",296
"22 Västernorrlands län","94",204
"22 Västernorrlands län","95",192
"22 Västernorrlands län","96",106
"22 Västernorrlands län","97",72
"22 Västernorrlands län","98",50
"22 Västernorrlands län","99",41
"22 Västernorrlands län","100+",54
"23 Jämtlands län","0",1367
"23 Jämtlands län","1",1426
"23 Jämtlands län","2",1508
"23 Jämtlands län","3",1446
"23 Jämtlands län","4",1503
"23 Jämtlands län","5",1474
"23 Jämtlands län","6",1420
"23 Jämtlands län","7",1432
"23 Jämtlands län","8",1518
"23 Jämtlands län","9",1590
"23 Jämtlands län","10",1500
"23 Jämtlands län","11",1533
"23 Jämtlands län","12",1507
"23 Jämtlands län","13",1504
"23 Jämtlands län","14",1444
"23 Jämtlands län","15",1476
"23 Jämtlands län","16",1437
"23 Jämtlands län","17",1367
"23 Jämtlands län","18",1340
"23 Jämtlands län","19",1339
"23 Jämtlands län","20",1450
"23 Jämtlands län","21",1314
"23 Jämtlands län","22",1357
"23 Jämtlands län","23",1310
"23 Jämtlands län","24",1473
"23 Jämtlands län","25",1524
"23 Jämtlands län","26",1668
"23 Jämtlands län","27",1713
"23 Jämtlands län","28",1760
"23 Jämtlands län","29",1877
"23 Jämtlands län","30",1724
"23 Jämtlands län","31",1696
"23 Jämtlands län","32",1566
"23 Jämtlands län","33",1626
"23 Jämtlands län","34",1556
"23 Jämtlands län","35",1530
"23 Jämtlands län","36",1428
"23 Jämtlands län","37",1445
"23 Jämtlands län","38",1442
"23 Jämtlands län","39",1440
"23 Jämtlands län","40",1479
"23 Jämtlands län","41",1438
"23 Jämtlands län","42",1413
"23 Jämtlands län","43",1435
"23 Jämtlands län","44",1537
"23 Jämtlands län","45",1706
"23 Jämtlands län","46",1570
"23 Jämtlands län","47",1611
"23 Jämtlands län","48",1614
"23 Jämtlands län","49",1521
"23 Jämtlands län","50",1488
"23 Jämtlands län","51",1601
"23 Jämtlands län","52",1776
"23 Jämtlands län","53",1803
"23 Jämtlands län","54",1808
"23 Jämtlands län","55",1821
"23 Jämtlands län","56",1635
"23 Jämtlands län","57",1569
"23 Jämtlands län","58",1513
"23 Jämtlands län","59",1529
"23 Jämtlands län","60",1605
"23 Jämtlands län","61",1599
"23 Jämtlands län","62",1642
"23 Jämtlands län","63",1656
"23 Jämtlands län","64",1647
"23 Jämtlands län","65",1692
"23 Jämtlands län","66",1625
"23 Jämtlands län","67",1643
"23 Jämtlands län","68",1516
"23 Jämtlands län","69",1643
"23 Jämtlands län","70",1666
"23 Jämtlands län","71",1835
"23 Jämtlands län","72",1712
"23 Jämtlands län","73",1714
"23 Jämtlands län","74",1629
"23 Jämtlands län","75",1529
"23 Jämtlands län","76",1428
"23 Jämtlands län","77",1250
"23 Jämtlands län","78",1048
"23 Jämtlands län","79",950
"23 Jämtlands län","80",1013
"23 Jämtlands län","81",844
"23 Jämtlands län","82",793
"23 Jämtlands län","83",716
"23 Jämtlands län","84",683
"23 Jämtlands län","85",596
"23 Jämtlands län","86",482
"23 Jämtlands län","87",523
"23 Jämtlands län","88",448
"23 Jämtlands län","89",387
"23 Jämtlands län","90",324
"23 Jämtlands län","91",236
"23 Jämtlands län","92",217
"23 Jämtlands län","93",183
"23 Jämtlands län","94",116
"23 Jämtlands län","95",101
"23 Jämtlands län","96",92
"23 Jämtlands län","97",48
"23 Jämtlands län","98",35
"23 Jämtlands län","99",18
"23 Jämtlands län","100+",29
"24 Västerbottens län","0",2952
"24 Västerbottens län","1",2947
"24 Västerbottens län","2",3027
"24 Västerbottens län","3",3168
"24 Västerbottens län","4",3052
"24 Västerbottens län","5",3027
"24 Västerbottens län","6",3125
"24 Västerbottens län","7",3061
"24 Västerbottens län","8",3133
"24 Västerbottens län","9",3122
"24 Västerbottens län","10",3209
"24 Västerbottens län","11",3121
"24 Västerbottens län","12",2925
"24 Västerbottens län","13",3057
"24 Västerbottens län","14",2889
"24 Västerbottens län","15",2836
"24 Västerbottens län","16",2882
"24 Västerbottens län","17",2862
"24 Västerbottens län","18",2849
"24 Västerbottens län","19",3135
"24 Västerbottens län","20",3581
"24 Västerbottens län","21",3553
"24 Västerbottens län","22",3678
"24 Västerbottens län","23",3817
"24 Västerbottens län","24",3841
"24 Västerbottens län","25",4097
"24 Västerbottens län","26",4158
"24 Västerbottens län","27",4201
"24 Västerbottens län","28",4376
"24 Västerbottens län","29",4108
"24 Västerbottens län","30",3968
"24 Västerbottens län","31",3785
"24 Västerbottens län","32",3507
"24 Västerbottens län","33",3479
"24 Västerbottens län","34",3438
"24 Västerbottens län","35",3345
"24 Västerbottens län","36",3311
"24 Västerbottens län","37",3243
"24 Västerbottens län","38",3238
"24 Västerbottens län","39",3244
"24 Västerbottens län","40",3162
"24 Västerbottens län","41",3014
"24 Västerbottens län","42",3181
"24 Västerbottens län","43",3036
"24 Västerbottens län","44",3213
"24 Västerbottens län","45",3289
"24 Västerbottens län","46",3151
"24 Västerbottens län","47",3215
"24 Västerbottens län","48",3133
"24 Västerbottens län","49",3125
"24 Västerbottens län","50",3114
"24 Västerbottens län","51",3294
"24 Västerbottens län","52",3402
"24 Västerbottens län","53",3461
"24 Västerbottens län","54",3410
"24 Västerbottens län","55",3336
"24 Västerbottens län","56",3171
"24 Västerbottens län","57",2978
"24 Västerbottens län","58",2986
"24 Västerbottens län","59",3090
"24 Västerbottens län","60",3120
"24 Västerbottens län","61",3188
"24 Västerbottens län","62",3196
"24 Västerbottens län","63",3239
"24 Västerbottens län","64",3253
"24 Västerbottens län","65",3000
"24 Västerbottens län","66",3154
"24 Västerbottens län","67",3096
"24 Västerbottens län","68",3036
"24 Västerbottens län","69",3105
"24 Västerbottens län","70",3185
"24 Västerbottens län","71",3222
"24 Västerbottens län","72",3054
"24 Västerbottens län","73",3064
"24 Västerbottens län","74",3072
"24 Västerbottens län","75",2686
"24 Västerbottens län","76",2582
"24 Västerbottens län","77",2278
"24 Västerbottens län","78",2021
"24 Västerbottens län","79",1893
"24 Västerbottens län","80",1920
"24 Västerbottens län","81",1719
"24 Västerbottens län","82",1548
"24 Västerbottens län","83",1450
"24 Västerbottens län","84",1270
"24 Västerbottens län","85",1205
"24 Västerbottens län","86",992
"24 Västerbottens län","87",972
"24 Västerbottens län","88",821
"24 Västerbottens län","89",675
"24 Västerbottens län","90",608
"24 Västerbottens län","91",519
"24 Västerbottens län","92",403
"24 Västerbottens län","93",314
"24 Västerbottens län","94",238
"24 Västerbottens län","95",194
"24 Västerbottens län","96",117
"24 Västerbottens län","97",71
"24 Västerbottens län","98",64
"24 Västerbottens län","99",38
"24 Västerbottens län","100+",46
"25 Norrbottens län","0",2450
"25 Norrbottens län","1",2380
"25 Norrbottens län","2",2486
"25 Norrbottens län","3",2607
"25 Norrbottens län","4",2576
"25 Norrbottens län","5",2649
"25 Norrbottens län","6",2618
"25 Norrbottens län","7",2501
"25 Norrbottens län","8",2663
"25 Norrbottens län","9",2641
"25 Norrbottens län","10",2624
"25 Norrbottens län","11",2615
"25 Norrbottens län","12",2567
"25 Norrbottens län","13",2699
"25 Norrbottens län","14",2564
"25 Norrbottens län","15",2653
"25 Norrbottens län","16",2586
"25 Norrbottens län","17",2535
"25 Norrbottens län","18",2676
"25 Norrbottens län","19",2877
"25 Norrbottens län","20",3095
"25 Norrbottens län","21",2805
"25 Norrbottens län","22",2796
"25 Norrbottens län","23",2824
"25 Norrbottens län","24",2944
"25 Norrbottens län","25",3086
"25 Norrbottens län","26",3139
"25 Norrbottens län","27",3334
"25 Norrbottens län","28",3438
"25 Norrbottens län","29",3361
"25 Norrbottens län","30",3343
"25 Norrbottens län","31",3260
"25 Norrbottens län","32",3069
"25 Norrbottens län","33",2916
"25 Norrbottens län","34",2793
"25 Norrbottens län","35",2674
"25 Norrbottens län","36",2667
"25 Norrbottens län","37",2708
"25 Norrbottens län","38",2677
"25 Norrbottens län","39",2712
"25 Norrbottens län","40",2563
"25 Norrbottens län","41",2520
"25 Norrbottens län","42",2516
"25 Norrbottens län","43",2676
"25 Norrbottens län","44",2872
"25 Norrbottens län","45",2970
"25 Norrbottens län","46",2951
"25 Norrbottens län","47",3115
"25 Norrbottens län","48",3074
"25 Norrbottens län","49",3175
"25 Norrbottens län","50",3066
"25 Norrbottens län","51",3252
"25 Norrbottens län","52",3535
"25 Norrbottens län","53",3473
"25 Norrbottens län","54",3547
"25 Norrbottens län","55",3484
"25 Norrbottens län","56",3235
"25 Norrbottens län","57",3177
"25 Norrbottens län","58",3123
"25 Norrbottens län","59",3209
"25 Norrbottens län","60",3300
"25 Norrbottens län","61",3248
"25 Norrbottens län","62",3261
"25 Norrbottens län","63",3328
"25 Norrbottens län","64",3182
"25 Norrbottens län","65",3193
"25 Norrbottens län","66",3307
"25 Norrbottens län","67",3131
"25 Norrbottens län","68",3135
"25 Norrbottens län","69",3211
"25 Norrbottens län","70",3292
"25 Norrbottens län","71",3413
"25 Norrbottens län","72",3324
"25 Norrbottens län","73",3261
"25 Norrbottens län","74",3029
"25 Norrbottens län","75",2854
"25 Norrbottens län","76",2698
"25 Norrbottens län","77",2409
"25 Norrbottens län","78",2230
"25 Norrbottens län","79",2104
"25 Norrbottens län","80",2115
"25 Norrbottens län","81",1760
"25 Norrbottens län","82",1659
"25 Norrbottens län","83",1599
"25 Norrbottens län","84",1431
"25 Norrbottens län","85",1309
"25 Norrbottens län","86",1094
"25 Norrbottens län","87",1053
"25 Norrbottens län","88",850
"25 Norrbottens län","89",748
"25 Norrbottens län","90",608
"25 Norrbottens län","91",533
"25 Norrbottens län","92",373
"25 Norrbottens län","93",260
"25 Norrbottens län","94",219
"25 Norrbottens län","95",163
"25 Norrbottens län","96",103
"25 Norrbottens län","97",68
"25 Norrbottens län","98",42
"25 Norrbottens län","99",27
"25 Norrbottens län","100+",28
